{"cameraMode":{"drawMode":0,"name":"Shaded","section":"Shading Mode"},"sceneLighting":true,"audioPlay":false,"sceneViewState":{"m_AlwaysRefresh":false,"showFog":true,"showSkybox":true,"showFlares":true,"showImageEffects":true,"showParticleSystems":true,"showVisualEffectGraphs":true,"m_FxEnabled":true},"in2DMode":false,"pivot":{"x":-1.6830930709838868,"y":0.5335314273834229,"z":0.1382274627685547},"rotation":{"x":0.004781882744282484,"y":0.9933278560638428,"z":-0.044729918241500857,"w":0.10619094222784043},"size":2.602782726287842,"orthographic":false}